slug,provider,offer,actionButtons,technology,monitoringAndAnalytics,additionalFeatures,starred,availableApis,sdk,searchCapabilities,smartContractsVerifications,fullHistory,pricing,tag
3xpl,3xpl,,"[""[Explore](https://3xpl.com/)""]",Custom,"[""Transactions"",""Blocks""]","[""Ad-free"",""Ultra-fast""]",FALSE,"[""JSON API""]",,"[""Address"",""Tx""]",FALSE,TRUE,Free,
arbiscan,Etherscan,,,Etherscan,"[""Transactions"",""Address Activity"",""Token transfers"",""Blocks""]","[""VMTrace"",""Verified Contracts"",""API Access""]",FALSE,"[""REST API""]",,"[""Search"",""Filter"",""Label Cloud""]",TRUE,TRUE,Free,
arkham,Arkham,,"[""[Explore](https://arkm.com/register?ref=aee358ba-e4d6-455a-a6e0-741243247160)"",""[Docs](https://codex.arkm.com/)""]",Custom,"[""Accounts"",""Transactions"",""Tokens"",""Contracts""]","[""Entity Labeling"",""Relationship Graphs"",""De-anonymization"",""Portfolio Tracking""]",FALSE,"[""REST API""]","[""Python"",""TypeScript""]","[""Address"",""Entity"",""Transaction Hash"",""Token""]",FALSE,TRUE,Partially paid,
beaconchain,Beaconcha.in,,,Custom,"[""Accounts"",""Transactions"",""Tokens"",""Contracts""]","[""Gas Tracker"",""Stats"",""Charts""]",FALSE,"[""REST API""]",,"[""Address"",""Transaction Hash"",""Block""]",FALSE,TRUE,Free,
berascan,Berachain,BeraScan,"[""[Explore](https://berascan.com/)"",""[Docs](https://docs.berachain.com/general/introduction/connect-to-berachain)""]",Custom,"[""Accounts"",""Transactions"",""Tokens"",""Contracts"",""Blocks""]",,FALSE,"[""REST API""]",,"[""Address"",""Transaction Hash"",""Block"",""Token""]",TRUE,TRUE,Free,
beryx,Beryx,,"[""[Explore](https://beryx.io/)""]",Custom,"[""Accounts"",""Contracts"",""Gas"",""Mempool""]",,FALSE,"[""JSON-RPC""]",,"[""Height"",""Block"",""Address"",""Message ID"",""Event""]",TRUE,TRUE,Free,
bithomp,Bithomp,,"[""[Explore](https://bithomp.com/explorer/)""]",Custom,"[""Accounts"",""Transactions"",""Ledgers""]","[""XRPL Analytics"",""Exchange-Focused Toolkit""]",FALSE,,,"[""Address"",""Transaction Hash"",""Ledger""]",FALSE,TRUE,Free,
bitquery,Bitquery,,"[""[Explore](https://explorer.bitquery.io/)""]",Custom,"[""Complex Queries"",""DEX Trades"",""Money Flow""]","[""GraphQL Interface"",""Data Mining""]",FALSE,"[""GraphQL""]",,"[""Custom Queries""]",FALSE,TRUE,Free,
blockchair,Blockchair,,,Custom,"[""Accounts"",""Transactions"",""Tokens"",""Contracts""]","[""Multi-Chain Search"",""PDF Reports""]",FALSE,"[""REST API""]","[""Python"",""Node.js""]","[""Address"",""Transaction Hash"",""Block""]",FALSE,TRUE,Free,
blockcypher,BlockCypher,,"[""[Explore](https://live.blockcypher.com/)""]",Custom,"[""Accounts"",""Transactions"",""Blocks""]","[""WebHooks"",""Payment Forwarding"",""Confidence Lookups""]",FALSE,"[""REST API"",""WebSockets""]","[""Go"",""Python"",""Ruby""]","[""Address"",""Tx"",""Block""]",FALSE,TRUE,Free,
blockexplorer-one,Blockexplorer.one,,"[""[Explore](https://blockexplorer.one/)""]",Custom,"[""Transactions"",""Blocks""]","[""Multi-chain UI""]",FALSE,"[""REST API""]",,"[""Address"",""Tx"",""Block""]",FALSE,TRUE,Free,
blockscan,Blockscan,,"[""[Explore](https://blockscan.com/)""]",Custom,"[""Multichain Portfolio"",""Transactions"",""Analytics""]","[""Web3 Chat"",""Multichain Search"",""Portfolio Tracking"",""Multichain Charts""]",FALSE,,,"[""Address"",""Transaction Hash"",""Token""]",FALSE,FALSE,Free,
blockscout,Blockscout,,"[""[Explore](https://www.blockscout.com/)"",""[Docs](https://docs.blockscout.com/)""]",Blockscout,"[""Accounts"",""Transactions"",""Blocks"",""Tokens"",""Gas"",""Contracts"",""Logs"",""Events""]","[""Token Tracker"", ""Network Metrics"",""NFT Tracking""]",FALSE,"[""REST API"", ""GraphQL"", ""RPC API"", ""Eth RPC API"",""JSON-RPC""]","[""TypeScript"",""Node.js""]","[""Address"",""Transaction Hash"",""Block"",""Token"",""Message ID"",""Height""]",TRUE,TRUE,Free,
bscscan,Etherscan,,"[""[Explore](https://bscscan.com/)""]",Etherscan,"[""Transactions"",""Address Activity"",""Token transfers"",""Blocks""]","[""Validator Leaderboard"",""Verified Contracts"",""API Access""]",FALSE,"[""REST API""]",,"[""Address"",""Transaction Hash"",""Block"",""Token""]",TRUE,TRUE,Free,
chainlens-growth,Chainlens,,"[""[Buy](https://www.chainlens.com/plans)""]",EVM,"[""Transactions"",""Blocks"",""Tokens"",""Contracts""]","[""Smart Contract Verification"",""Advanced Analytics""]",FALSE,"[""REST API""]",,"[""Address"",""Transaction Hash"",""Token"",""Block Hash"",""Contract""]",TRUE,TRUE,$995/mo,
chainlens-pro,Chainlens,,"[""[Contact](https://www.chainlens.com/plans)""]",EVM,"[""Transactions"",""Blocks"",""Tokens"",""Contracts""]","[""Smart Contract Verification"",""Advanced Analytics"",""White-labeling""]",FALSE,"[""REST API""]",,"[""Address"",""Transaction Hash"",""Token"",""Block Hash"",""Contract""]",TRUE,TRUE,$1995/mo,
chainlens-starter,Chainlens,,"[""[Buy](https://www.chainlens.com/plans)""]",EVM,"[""Transactions"",""Blocks"",""Tokens"",""Contracts""]","[""Smart Contract Verification"",""Advanced Analytics""]",FALSE,"[""REST API""]",,"[""Address"",""Transaction Hash"",""Token"",""Block Hash"",""Contract""]",TRUE,TRUE,$495/mo,
core-scan,Core DAO,Core Scan,"[""[Explore](https://scan.coredao.org/)"",""[Docs](https://docs.coredao.org/docs/Dev-Guide/core-explorer)""]",Custom,"[""Transactions"",""Accounts"",""Blocks""]","[""Mainnet and Testnet explorers""]",FALSE,,,,TRUE,TRUE,Free,
dex-guru,Dex.Guru,,,Custom,"[""Accounts"",""Transactions"",""Tokens"",""Contracts""]",,FALSE,,,"[""Address"",""Transaction Hash"",""Block""]",TRUE,FALSE,Free,
etherscan,Etherscan,,,Custom,"[""Accounts"",""Transactions"",""Tokens"",""Contracts""]","[""Token Tracker"",""Network Metrics""]",FALSE,"[""REST API""]",,"[""Address"",""Transaction Hash"",""Block""]",TRUE,TRUE,Free,
ethplorer,Ethplorer,,,Custom,"[""Accounts"",""Transactions"",""Tokens"",""Contracts""]","[""Token Pulse"",""Portfolio Charts""]",FALSE,"[""REST API""]",,"[""Address"",""Transaction Hash"",""Block""]",FALSE,TRUE,Free,
ethvm,EthVM,,,Custom,"[""Accounts"",""Transactions"",""Tokens"",""Contracts""]","[""Portfolio Charts"",""Internal TX Tracking""]",FALSE,"[""REST API""]",,"[""Address"",""Transaction Hash"",""Block""]",FALSE,TRUE,Free,
filfox,FilFox,,"[""[Explore](https://filfox.info/en/)""]",Custom,"[""Storage Power"",""Sector Pledge"",""Gas"",""Storage Providers""]",,FALSE,"[""REST""]",,"[""Height"",""Address"",""Message ID""]",TRUE,TRUE,Free,
filscan,FilScan,,"[""[Explore](https://filscan.io)""]",Custom,"[""Contracts"",""Storage Power"",""Block Rewards"",""Storage Providers"",""Tokens"",""Storage Capacity""]",,FALSE,,,"[""Address"",""Message ID"",""Height"",""Block"",""Miner ID"",""FNS""]",TRUE,TRUE,Free,
flareexplorer,Flare Network,Flare Explorer,"[""[Explore](https://flare-explorer.flare.network/)""]",Blockscout,"[""Accounts"",""Transactions"",""Blocks"",""Tokens"",""Gas"",""Contracts""]","[""C-Chain Support"",""P-Chain Support"",""Token Tracker"",""Network Metrics""]",FALSE,"[""REST"",""GraphQL"",""JSON-RPC""]","[""TypeScript"",""Node.js""]","[""Address"",""Transaction Hash"",""Block"",""Token""]",TRUE,TRUE,Free,
flarescan,Avascan,FlareScan,"[""[Explore](https://mainnet.flarescan.com/)""]",Blockscout,"[""Accounts"",""Transactions"",""Blocks"",""Tokens"",""Gas"",""Contracts""]","[""C-Chain Support"",""P-Chain Support"",""Token Tracker"",""Network Metrics""]",FALSE,"[""REST"",""GraphQL""]","[""TypeScript"",""Node.js""]","[""Address"",""Transaction Hash"",""Block"",""Token""]",TRUE,TRUE,Free,
flaresystems,Flare Systems,Flare Systems Explorer,"[""[Explore](https://flare-systems-explorer.flare.network/)""]",Custom,"[""FTSO Data"",""Staking Rewards"",""Epoch Status""]","[""FTSO Monitoring"",""Delegation Tracking""]",FALSE,"[""REST""]","[""TypeScript""]","[""Address"",""Epoch"",""Provider""]",FALSE,FALSE,Free,
jiffyscan-developer,jiffyscan.xyz,,"[""[Explore](https://jiffyscan.xyz/pricing)""]",Custom,"[""UserOperations"",""Bundlers"",""Paymasters"",""Accounts""]","[""ERC-4337 Support"",""Multi-Chain Search""]",FALSE,"[""REST API""]","[""TypeScript""]","[""Address"",""UserOp Hash"",""Transaction Hash""]",FALSE,FALSE,Developer ($54/mo - 10k calls/day),
jiffyscan-professional,jiffyscan.xyz,,"[""[Explore](https://jiffyscan.xyz/pricing)""]",Custom,"[""UserOperations"",""Bundlers"",""Paymasters"",""Accounts""]","[""ERC-4337 Support"",""Multi-Chain Search""]",FALSE,"[""REST API""]","[""TypeScript""]","[""Address"",""UserOp Hash"",""Transaction Hash""]",FALSE,FALSE,Professional ($103/mo - 50k calls/day),
jiffyscan-starter,jiffyscan.xyz,,"[""[Explore](https://jiffyscan.xyz/pricing)""]",Custom,"[""UserOperations"",""Bundlers"",""Paymasters"",""Accounts""]","[""ERC-4337 Support"",""Multi-Chain Search""]",FALSE,"[""REST API""]","[""TypeScript""]","[""Address"",""UserOp Hash"",""Transaction Hash""]",FALSE,FALSE,Starter (Free - 1k calls/day),
lens-network,Lens,Lens Network,"[""[Explore](https://explorer.lens.xyz/)"",""[Docs](https://lens.xyz/docs/chain/overview)""]",Custom,"[""Accounts"",""Transactions"",""Blocks"",""Tokens"",""Gas"",""Contracts""]","[""Token Tracker"",""NFT Tracking"",""Network Metrics""]",TRUE,"[""REST""]","[""TypeScript""]","[""Address"",""Transaction Hash"",""Block"",""Token""]",TRUE,TRUE,Free,
lumia-explorer,Lumia,Lumia Explorer,"[""[Explore](https://explorer.lumia.org/)"",""[Docs](https://docs.lumia.org/build/build-environment/add-lumia-network-to-metamask)""]",Blockscout,"[""Accounts"",""Transactions"",""Blocks"",""Tokens"",""Contracts""]","[""Smart Contract Verification"",""Network Activity""]",FALSE,"[""REST API""]",,"[""Address"",""Transaction Hash"",""Block"",""Token""]",TRUE,TRUE,Free,
metasleuth,MetaSleuth,,"[""[Explore](https://metasleuth.io/)""]",Custom,"[""Fund Tracking"",""Visual Analysis""]","[""Graph Visualization"",""Hacker Tracking""]",FALSE,"[""REST API""]",,"[""Address"",""Tx""]",FALSE,TRUE,"Free/$50/$180/$900/mo (individual monthly plan), $100/$360/$1800/mo (team monthly plan)",
oklink,OKLink,,,Custom,"[""Transactions"",""Blocks"",""Tokens"",""Gas"",""Contracts"",""Accounts"",""Token transfers"",""Address Activity""]","[""Token Tracker"",""Smart Contract Verification"",""Address Labels"",""Address Monitoring"",""APIs"",""Network Overview"",""Price Charts"",""Amoy Contract Verification""]",FALSE,"[""REST API"", ""GraphQL"", ""RPC API""]","[""TypeScript""]","[""Address"",""Transaction Hash"",""Block"",""Token""]",TRUE,TRUE,Free,
okx,OKX,,,Custom,"[""Transactions"",""Blocks"",""Tokens"",""Gas"",""Contracts""]","[""Token Tracker"",""Smart Contract Verification"",""Label System""]",FALSE,"[""REST API""]",,"[""Address"",""Transaction Hash"",""Block"",""Token""]",TRUE,TRUE,Free,
polkadot-js,Polkadot.JS,,,Polkadot.JS,"[""Recent blocks"",""Recent events"",""Governance: Democracy"",""Governance: Treasury"",""Governance: Council""]","[""Developer RPC playground"", ""Developer Javascript playground"", ""Developer extrinsic playground"", ""Address Conversion"", ""Hash data"", ""Encode XCM""]",FALSE,"[""REST API""]",,"[""Contracts"",""Chain State"",""Extrinsics"",""RPC Calls"",""Runtime Calls"",""Transactions"",""Blocks""]",FALSE,FALSE,Free,
polygonscan,Etherscan,Polygonscan,"[""[Explorer](https://polygonscan.com/)""]",Etherscan,"[""Transactions"",""Token transfers"",""Blocks"",""Addresses""]","[""Verified Contracts"",""API access""]",TRUE,"[""REST API""]",,"[""Search"",""Filter"",""Labels""]",TRUE,TRUE,Free,
ronin-explorer,Ronin,Ronin Block Explorer,"[""[Explore](https://app.roninchain.com)""]",Custom,"[""Transactions"",""Blocks"",""Addresses"",""Contracts"",""Tokens""]","[""Real-time blockchain data""]",FALSE,,,"[""Address"",""Transaction"",""Block"",""Contract"",""Token""]",FALSE,TRUE,Free,
routescan,Routescan,,"[""[Explore](https://routescan.io/)""]",Custom,"[""Accounts"",""Transactions"",""Blocks"",""Tokens"",""Contracts""]","[""Unified Multi-Chain Search"",""Explorer-as-a-Service""]",FALSE,"[""REST API"",""Etherscan-compatible API""]",,"[""Address"",""Transaction Hash"",""Block"",""Token"",""Contract""]",TRUE,TRUE,"Free, paid versions of API for $0-$440",
starboard,Starboard,,"[""[Explore](https://dashboard.starboard.ventures/explorer/)""]",Custom,"[""DeFI Deposits /Borrows"",""Storage Capacity"",""Data Utilization Rate"",""Active Miners"",""Capacity Added"",""Sector Onboarding"",""Sectors Expiration"",""Capacity Terminated"",""Storage Power Added"",""Sectors Added"",""Faults"",""Retrieval Success Rate"",""Block Rewards"",""Commit Pledge"",""Active Deals"",""Deal Duration"",""Deal Size"",""Deal Collateral"",""Datacap Usage"",""Network Fee"",""Sealing cost"",""Deal Publication Cost"",""Contract Invocation Cost"",""Gas Usage"",""Circulating Supply"",""Contracts"", ""Transactions"",""Active Users"",""Accounts"",""Miner Revenue""]",,FALSE,,,"[""Contract"",""Message ID""]",TRUE,FALSE,Free,
subscan,Subscan,,,Subscan,"[""Daily Transfer Amount"",""Daily Signed Extrinsic Number"",""Daily Unsigned Extrinsic Number"",""Daily EVM Transaction Number"",""Daily Active Account & Newly Created Account"",""Daily Total Account & Holder"",""Daily Fees Used"",""Daily Average Block Time"",""Average Ref Size"",""Daily XCM Transfer"",""Daily XCM Message"",""XCM Message Flow"",""XCM Transfer Flow"",""Daily Native Token Circulating Supply"",""Daily Vesting Schedule""]","[""SLA""]",FALSE,"[""JSON-RPC"", ""REST API""]",,"[""Blocks"",""Extrinsics"",""Transfers"",""Events"",""Assets"",""Accounts"",""Logs"",""Collators"",""EVM Accounts"",""ERC20 Tokens"", ""NFT"", ""XCM"", ""Contracts"", ""Government"", ""Democracy proposals""]",TRUE,TRUE,"Free, paid versions of API for $19-$399 for 5/10/30 RPS. Yearly discounts apply",
suiexplorer,Sui,,"[""[Explore](https://suiexplorer.com/)""]",Custom,"[""Accounts"",""Transactions"",""Objects"",""Blocks""]",,FALSE,,,"[""Address"",""Transaction"",""Block"",""Object""]",FALSE,TRUE,Free,
suiscan,SuiScan,,"[""[Explore](https://suiscan.xyz/)""]",Custom,"[""Accounts"",""Transactions"",""Blocks"",""Validators"",""Packages"",""Objects"",""Coins"",""NFTs""]","[""Gas Tracker"",""Staking Analytics"",""Historical Epochs"",""Protocol Insights""]",FALSE,,,"[""Address"",""Transaction"",""Block"",""Package"",""Object"",""Validator""]",FALSE,TRUE,Free,
suivision,BlockVision,,"[""[Explore](https://suivision.xyz/)""]",Custom,"[""Accounts"",""Transactions"",""Blocks"",""Validators"",""Tokens"",""NFTs"",""DeFi""]","[""Project Leaderboard"",""Staking Analytics"",""Protocol Insights""]",FALSE,,,"[""Address"",""Transaction"",""Block"",""Token"",""Validator""]",FALSE,TRUE,Free,
teloscan,Teloscan,,"[""[Explore](https://www.teloscan.io/)""]",Custom,"[""Transactions"",""Blocks"",""Contracts"",""Token transfers""]","[""Official Telos explorer""]",FALSE,,,"[""Address"",""Transaction Hash"",""Block"",""Contract"",""Token""]",TRUE,TRUE,Free,
tenderly-explorer,Tenderly,,"[""[Explore](https://docs.tenderly.co/developer-explorer)""]",Custom,"[""Accounts"",""Transactions"",""Blocks"",""Contracts"",""Gas""]","[""Virtual TestNet Creation"",""Smart Contract Debugging"",""Gas Optimization"",""Transaction Trace""]",FALSE,"[""REST API""]",,"[""Address"",""Transaction"",""Block"",""Token"",""Contract""]",TRUE,TRUE,"Free/$50/$500/mo, $45/$450/yearly",
tokenterminal-explorer,token terminal,,"[""[Explore](https://tokenterminal.com/products/explorer)""]",Custom,"[""Protocol Revenue"",""Daily Active Users"",""Trading Fees"",""Financial Metrics""]","[""Standardized Metrics"",""Chart Editing"",""CSV Downloads""]",FALSE,"[""REST API""]",,"[""Protocol"",""Sector"",""Contract""]",FALSE,TRUE,Free/$350/mo,
tokenview,TokenView,,,Custom,"[""Accounts"",""Transactions"",""Tokens"",""Contracts""]","[""Token/NFT Explorer"",""RPC Service""]",FALSE,"[""REST API""]",,"[""Address"",""Transaction Hash"",""Block""]",FALSE,TRUE,Free,
tonscan,"Bakkenbaeck, Bastion Digital",Tonscan.org,"[""[Explore](https://tonscan.org/)""]",Custom,"[""Addresses"",""Transactions"",""Blocks"",""Validators"",""Accounts""]","[""Interactive Graphs"",""Address Labeling"",""Custom Indexer""]",FALSE,"[""REST API"",""JSON-RPC""]","[""Python"",""TON Kotlin""]","[""Address"",""Transaction"",""Block"",""Domain""]",TRUE,TRUE,Free,
tonviewer,Brave,Tonviewer,"[""[Explore](https://tonviewer.com/)""]",Custom,"[""Addresses"",""Transactions"",""Blocks"",""Smart Contracts""]","[""Trace Visualization"",""Analysis tools beyond basic transaction"",""Block browsing""]",FALSE,"[""REST API""]",,"[""Address"",""Transaction"",""Block""]",FALSE,TRUE,Free,
wormholescan,Wormhole,,"[""[Explore](https://wormholescan.io/)""]",Custom,"[""Cross-Chain Messaging"",""Token Transfers""]","[""Bridge Analytics""]",FALSE,"[""REST API""]",,"[""Transaction Hash"",""VAA""]",FALSE,TRUE,Free,
xdcscan,XDC Network,,"[""[Explore](https://xdcscan.io/)""]",Custom,"[""Accounts"",""Transactions"",""Blocks"",""Tokens"",""Contracts""]","[""Mainnet explorer"",""Apothem and Devnet explorers available""]",FALSE,,,"[""Address"",""Transaction Hash"",""Block""]",FALSE,TRUE,Free,
xrpscan,XRPScan,,"[""[Explore](https://xrpscan.com/)""]",Custom,"[""Accounts"",""Transactions"",""Ledgers""]","[""XRPL Analytics"",""Simple Lookup""]",FALSE,,,"[""Address"",""Transaction Hash"",""Ledger""]",FALSE,TRUE,Free,
